{
  "faadd8de": {
    "request_id": "faadd8de",
    "group_id": 254612419,
    "message_id": 508646355,
    "requester_id": 2658697492,
    "content": "111",
    "type": "text",
    "status": "approved",
    "request_time": 1761701989.4044056,
    "process_time": 1761702020.4584756,
    "processor_id": 2658697492
  },
  "9f756db5": {
    "request_id": "9f756db5",
    "group_id": 254612419,
    "message_id": 355271069,
    "requester_id": 2658697492,
    "content": "test‘",
    "type": "text",
    "status": "approved",
    "request_time": 1761702006.3469415,
    "process_time": 1761702016.0864685,
    "processor_id": 2658697492
  },
  "281fb044": {
    "request_id": "281fb044",
    "group_id": 254612419,
    "message_id": 611282599,
    "requester_id": 2658697492,
    "content": "1",
    "type": "text",
    "status": "approved",
    "request_time": 1761702451.411984,
    "process_time": 1761702466.4559937,
    "processor_id": 2658697492
  }
}