{
  "819157441_ab710f70ac68da9fed3727a0da07411d": {
    "image_hash": "ab710f70ac68da9fed3727a0da07411d",
    "group_id": 819157441,
    "original_text": "😍喜欢与讨厌😫的二元论⚖️\n🤔硬要选的话也可以说是喜欢吧😌\n🚤“坐着的船  快停下来”⏸️\n🛶还没落魄到那种地步 你懂的吧🙂\n🌊意料之外的不安也能接受😊\n🔄接连不断的麻烦中人生向前迈进👣\n🧭要去哪里之类其实是次要的2️⃣\n🎶动人的旋律能听到吧🎵\n🚗除了油门哪都不会踩💨  \n🛑怎么停下来什么的\n🤷不用知道  我就是漂泊人呀😜\n😢眼泪也能化为娱乐😆\n📸可别把镜头关掉哦！(Hi Cheese！)📸\n💖🤕哪怕是不尽人意的我🤕💖\n💖🛤️也拥有一路走来的经历🛤️💖\n💖所以说怎样都好 从来都没有人💖\n💖😚把你当做什么可有可无的存在哟😚💖\n💖🌀我想  混  乱  上  上  一直都是⚡💖\n💖🚩这里是  最  前  线  啦🚩💖\n💖😉直到最后也别离开视线呀👀💖",
    "timestamp": 1761702061.134631,
    "expire_time": 1761702661.134631
  },
  "819157441_ca7d2d5d6d18ad49c70b13c7411c22ac": {
    "image_hash": "ca7d2d5d6d18ad49c70b13c7411c22ac",
    "group_id": 819157441,
    "original_text": "要怎样🤔🤯\n才能爱❤️‍🔥这个世界呢😭😢\n明明一直以来😖\n总是在不断地😭跌倒🧎🏻‍♀️受挫🧎🏻吧😮‍💨\n呐🤫不如干脆😐🤛🏻\n将那无人察觉到🚷的思念💟\n在这首歌🎶中倾诉🗣出来吧🎼\n你有什么所求🫴🏻呢🤔\n你有什么期望😍呢🤔\n挣扎的👊内心❤️\n比谁都活得真切吗😌\n你的眼中👀有我吗👁❓\n你的眼中👀有我吗👁❓\n那就是照亮我未来🛸的灯火吧💡💡💡\n哦~哦~哦~\n哦↗️哦⬇️哦↗️\n哦➡️哦⬇️哦↗️哦↘️哦➡️\n哦~哦~哦~\n哦↗️哦↗️哦↗️哦⬆️哦➡️哦↗️哦↘️",
    "timestamp": 1761702083.5789034,
    "expire_time": 1761702683.5789034
  },
  "819157441_2b544429c9260868ea3eb219f5797de1": {
    "image_hash": "2b544429c9260868ea3eb219f5797de1",
    "group_id": 819157441,
    "original_text": "因为想要更接近你😊😊让我多听听你的声音👂🗣️抓住那双手✋后就不会再放开❌(一二三😲❗跳得更高❤️‍🔥😃!Hi!👋)从最初还是🥰(一步一步👣🏃‍♀️)，回过神来🥱❗❗是已经开始追梦的故事🤩🥳(一二三Hi!🎉🎉）一个人👤就无法抵达的地方🏙️❌(现在已经😍🥴)因为有你在身旁😘👥👥梦想不再遥远☑️(Hop Step Jump Hi！🗯️👭👭)未来也好⭐✔️世界也好🔆✔️对充满未知🤫🤔的前路🛤️感到无力也好💫✔️这样的事都要努力跨越‼️🥴😃",
    "timestamp": 1761721243.8505094,
    "expire_time": 1761721843.8505094
  },
  "819157441_ffdf62341cdcdf9cb8566f84ba1db8cf": {
    "image_hash": "ffdf62341cdcdf9cb8566f84ba1db8cf",
    "group_id": 819157441,
    "original_text": "“梦与希望✨ ，可是有保质期的哦”😨 \n“你还抱着这种想法呢？😊❓  还是放弃比较好…”😓 \n事情总是事与愿违😰 😰 😰 \n所谓长大究竟意味着什么呢？🤔 🤔 🤔 \n绝对不要向那家伙屈服😡 👊 \n💙 anti-anti-you💙 \n辗转挣扎 😎  逞强坚持😤 ✊ \n可千万别就此认输😡 👊  \n以只属于我们的极限 😡 ✊  \n💙 anti-anti-you💙 \n 独一无二的我☺ \n💙 是这个世界的主人公💙",
    "timestamp": 1761732304.4337738,
    "expire_time": 1761732904.4337738
  },
  "1053224502_4301ea85e6a241a6c4e016f9c6d6c9bc": {
    "image_hash": "4301ea85e6a241a6c4e016f9c6d6c9bc",
    "group_id": 1053224502,
    "original_text": "呐😜你知道吗🧐人生这东西🤫舔一下可是甜的哦🤯哈😳呐😜你知道吗🧐艰难困苦😞只要用秘技就能变成简单模式🤯是吗😳然后，为我氪金你就能变得更幸福哦🤫是吗？原来是这样啊😳真长见识🤯就让我相信T先生的话吧😍闪闪发光✨呐😜你知道吗🧐只要感觉舒爽😊就算是烈性药也可以喝下去的哦😋是吗😳呐😜你知道吗🧐因为性价比高😱出卖灵魂就能大获全胜💯是吗😳真乖真乖😘我会好好疼爱如此顺从我教论习的你哦😘是吗😳原来是这样啊😳要喜欢上你了让我们为T先生献上一切吧🦴T先生是我的一切",
    "timestamp": 1761703370.536222,
    "expire_time": 1761703970.536222
  },
  "819157441_c4c629abfca589f444252f2107480040": {
    "image_hash": "c4c629abfca589f444252f2107480040",
    "group_id": 819157441,
    "original_text": "交织的😊️线与线🧵\n搭配上😘这些那些喜欢的装饰🎀\n没错🤓☝️这是无论如何💃🏻\n绝不能退让的自我标识😄\n重合的🤔圆和圆⭕\n深陷于此😨大概还会🈶更多的\n面对面☺️\n呐😳是从何时起🤭\n变得无法超越的😕少数派😌\n无法前进😓就算会停滞🛑\n如果还想和你相连😓就无法透露🤫我内心藏着的秘密㊙️\n是被吸引而相遇的存在😊\n与众音编织而成的世界🌏 能产生共鸣的话😃\n呐📢 就这样 💃🏻就如此💗\n能就这样维系下去吗🤔\n被淡淡的期待阻碍着😌\n暧昧之语被阻塞 只好装作不知道🤭\n要是能这样一直相连下去的话🌸\n疼痛和留下😨 要选哪一边呢🤔\n摸索着你的手🖐拉到身边😘\n来回反复缠绕的🧵复杂心情的描绘线😫\n呐😳无论何时😍\n都是因止步而毫无变化的距离😭\n没有止境😭\n就算要重新开始🤕\n因为还想和你相连😘就无法透露🤫我内心藏着的秘密㊙️\n不断搜寻而相遇的存在😍\n能与描绘的世界🌏产生共鸣的话☺️\n呐📢 就这样 💃🏻就如此💗\n能就这样维系下去吗🤔\n想法理不清😥东躲西藏🤕混杂这迷茫的存在😖\n这愁绪😩\n要是能这样一直相连下去的话😘\n缝合在一起☺️编织在一起😉\n予之以修饰又有何用呢😌\n划清界限😅保持微笑😃拉开距离🙂\n虽然还是笑容😊虽然还在笑着☺️\n开始渗透的边界🤐和摇晃着的未来😨\n如果能传达到的话🤧\n就不能再这样再这样了😫\n是因想念而相遇的存在😘\n能和映出的世界产生共鸣的话☺️\n呐📢 就这样 💃🏻就如此💗\n能就这样维系下去吗🤔\n被淡淡的期待阻碍着😌\n暧昧之语被阻塞 只好装作不知道🤭\n要是能这样一直相连下去的话🌸\n疼痛和留下😨 要选哪一边呢🤔",
    "timestamp": 1761710788.11696,
    "expire_time": 1761711388.11696
  },
  "819157441_5a8b1d72c206a7a00f10a5b9c2c70c6a": {
    "image_hash": "5a8b1d72c206a7a00f10a5b9c2c70c6a",
    "group_id": 819157441,
    "original_text": "⚡因为😣D/N/A🧬😱无法诉说😍⚡\n⚡这颗心🥰😭在我心中🧬红色❤️红色🖤⚡\n⚡睡不着😱没有迷路的东西🧬😍不是请求😭💧\n⚡这个细胞是🧬🥰愛憎😣被刻上了⚡\n⚡还没找到😭🧬还没找到😣⚡\n⚡没有说出口的声音？😭💧\n⚡在某个人的心中你是🧬🥰在连接中做梦😿⚡⚡因为🧬D/N/A🧬无法诉说⚡\n⚡这种痛苦也😭在我心中😣🧬红色❤️红色🖤\n⚡镜子的形状🥰逆さまな🎭D/N/A🧬\n⚡我的证明和😄温暖的😊D/N/A🧬❤️\n⚡镜子的形状😱逆さまな🎭D/N/A🧬⚡\n⚡我的😭证と😿温暖的😇D/N/A🧬",
    "timestamp": 1761712328.9729273,
    "expire_time": 1761712928.9729273
  },
  "819157441_3349dd62587dd9c7060a3f25c11e7496": {
    "image_hash": "3349dd62587dd9c7060a3f25c11e7496",
    "group_id": 819157441,
    "original_text": "一定💌能传达到的✈️\n一定🔍能看见到的✨\n那般😌想要追逐的未来啊🌟\n有我☘️在这孤身一人的世界🌐\n一直🎵这样不断歌唱着它🎤\n\n（前奏）\n现在🗓️能听到了哦👂\n你看😉已经稍微的🌱\n💕能感受到你了啊🤝\n🎼旋律正连结共鸣🎶\n\n此刻🔗情感相连着💞\n此刻🔗心愿交叠着📚\n📦想要传达出的心意💌\n像山一样堆得满满的⛰️\n😌怎么办呢🌅\nHa～\n👋（Say  wow～）\n😰从未曾见过的表情的🙃\n💬你说着自己“真是不行”什么\n🌠别将未来那个理想的你💎\n过分地强加在此刻的你身上😥\n🥳（Say  wow～）\n🌈从未曾见过的景色啊✨\n直至能将其分享的那天到来💝\n还有那些难受的事想哭的事😢\n☺️偶尔也寄托给对方吧✉️\n\n👋Hello  SEKAI🌏\n我的这声音有🎤好好😉传达过去吗\n比想象中还要🌟更好哦☘️\n👥你从来都不是孤单一人🤝\n🥳Hello  SEKAI🌐\n你的声音也有📣好好😆传达过来哦\n比想象中还好🚀最棒了🎉\n🔗我也从来不是孤单一人💞\n\n💃🏻一起来🎊jump jump jump💃\n🕺跳起来 dance dance dance🕺\n🍂将多余 的不安都踩在脚下👣\n😢这不对 那不行 什么😣\n✈️全部都 无所谓 好了🥳\n✨按自己所想 去做吧(Hello Hello)\n🔥再一次😆jump jump jump💃\n🥳又一圈 dance dance dance🕺\n🌠想去的 未来🚀一定就近在咫尺\n😣这不对 那不行 什么🚧\n🌊全部都 无所谓 好了😉\n🌉就按自己所想 去做吧🌅\n\n🤝飞身跃入吧🚀\n🗺️这属于我们的世界✨\n✅其中正确与错误啊❎\n😣即便还未能理清🤔\n💌可我所拥有的感情💖\n😌和你所拥有的心愿🌠\n💎一定不会消失无踪✨\n世界也将永不谢幕哦🌅\n\n此刻💞情感相连着🔗\n此刻✨心愿交叠着🔗\n看吧😉听得清楚哦👋\n看吧📣传递到了哦 我们的",
    "timestamp": 1761727645.631857,
    "expire_time": 1761728245.631857
  },
  "819157441_00f8121332e1bd842c3e8a0e0f98b991": {
    "image_hash": "00f8121332e1bd842c3e8a0e0f98b991",
    "group_id": 819157441,
    "original_text": "好想变成怪兽啊🐲🥴\n好想变成怪兽啊🐲🥴\n打倒一切😡摧毁一切🤯\n梦醒终有时😴曾奢望过的日子\n时间和友人不知不觉间离我而去😧\n现在只是四处流浪着😔\n寻找着能埋葬尸骨的地方💀\n然而🤕即便被忘却的结局所裹挟😶\n也还是想干下一番有用的事业💪\n如果终有一死不可避免😢\n若能留下哪怕一丝痕迹👣\n好想变成怪物啊🐲😱\n好想变成怪物啊🐲🤪\n就让我打倒一切💪摧毁一切👊\n无论是何等强敌😰无论有多少障壁🔥\n总有一天要在我手下化为齑粉👏🌪️\n（⚡⚡⚡喷射蓝色激光⚡⚡⚡）\n下辈子让我生的美丽点吧😌✨\n如果还有来生希望长得可爱一点啊🥺\n⚡好⚡想⚡变⚡成⚡怪⚡物⚡啊😫🐉\n⚡好⚡想⚡变⚡成⚡怪⚡物⚡啊💃🐉\n✊就让我打倒一切🤜摧毁一切👊\n（惊醒😨）",
    "timestamp": 1761727703.7023914,
    "expire_time": 1761728303.7023914
  },
  "819157441_7cc17b26adf36ad3f4253bd8c81d29b1": {
    "image_hash": "7cc17b26adf36ad3f4253bd8c81d29b1",
    "group_id": 819157441,
    "original_text": "☘️🎤唱响吧 FUN FUN FUN🎤☘️\n 🥳来吧☘️ONE ️MORE JUMP🥳\n  即使失败也没关系吧(对吧对吧)\n       ☘️✨梦想的最新版✨☘️\n    ☘️🎁💌给你更多的💌🎁☘️\n  ☘️💾Install上去就好了哦💾☘️\n🎊📢唱响吧 FUN FUN FUN📢🎊\n 😆继续🎉ONE MORE JUMP😆\n  Restart了也不算太坏(对吧对吧)\n☘️🌊即便回到零点 即便犯错🌊☘️\n   ☘️🔗一生都站在你这边哟🔗☘️\n    🎊🥳Say Yeah (Yeah!)🥳🎊\n  🎉✅是你的话一定能做到✅🎉\n    能够让我如此坚信的你 最喜欢\n    🎉😆Say Yeah (Yeah!)😆🎉\n    ☘️🔮这只属于你的魔法🔮☘️\n☘️❤️让我无法自拔的 最喜欢❤️☘️",
    "timestamp": 1761731574.2493696,
    "expire_time": 1761732174.2493696
  }
}